Description,Code,No_jobs,Median,change,Mean,change.1,10,20,25,30,40,60,70,75,80,90
All employees,XX,19620,15.64,,18.73,,9.58,10.82,11.49,12.22,13.79,17.9,20.74,22.49,24.5,31.14
"Managers, directors and senior officials",1,2477,21.89,,26.98,,11.31,13.68,14.85,16.07,18.84,25.55,30.5,33.72,37.62,49.27
 Corporate managers and directors,11,1933,24.66,,29.75,,12.13,15.15,16.62,18.12,21.17,28.87,34.07,37.4,40.82,53.01
  Chief Executives and Senior Officials,111,100,40.59,,50.4,,17.5,23.22,26.35,28.89,34.52,47.35,53.6,60.37,65.46,x
   Chief executives and senior officials,1111,95,42.73,,52.38,,19.66,25.92,28.09,30.95,37.04,49.15,55.1,61.26,65.71,x
   Elected officers and representatives,1112,x,13.7,,14.25,,x,x,x,11.24,11.98,14.27,x,x,x,x
  Production Managers and Directors,112,494,22.09,,25.97,,12.27,15.09,16.33,17.54,19.64,25.22,29.14,31.21,35.01,44.06
   Production managers and directors in manufacturing,1121,388,22.59,,26.82,,12.18,15.05,16.21,17.56,19.92,25.77,30.43,33.51,37.16,46.86
   Production managers and directors in construction,1122,99,20.84,,22.71,,12.63,15.14,16.68,17.43,19.12,23.22,26.16,27.86,29.41,x
   Production managers and directors in mining and energy,1123,x,22.6,,26.92,,x,x,x,17.28,18.38,23.88,x,x,x,x
  Functional Managers and Directors,113,907,30.16,,34.84,,15.71,19.44,21.29,22.93,26.54,34.75,39.94,42.84,46.59,58.13
   Financial managers and directors,1131,381,30.67,,36.64,,15.15,19.16,21.25,22.71,27.12,35.71,41.26,44.79,49.21,63.66
"   Marketing, sales and advertising directors",1132,200,37.56,,39.7,,17.87,23.07,25.39,27.81,32.47,42.11,47.43,50.85,54.2,62.86
   Public relations and communications directors,1133,9,33.47,,33.65,,x,24.07,24.72,25.31,28.83,35.82,x,x,x,x
   Purchasing managers and directors,1134,63,23.86,,25.95,,14.81,17.25,18.15,19.45,22.11,26.65,29.53,31.47,33.67,x
   Charitable organisation managers and directors,1135,x,21.06,,22.23,,x,x,x,x,18.97,22.03,x,x,x,x
   Human resource managers and directors,1136,134,24.12,,26.29,,15.38,17.44,19.26,20.15,22.19,26.84,29.94,31.58,34.01,39.56
   Information technology directors,1137,53,34.75,,38.51,,17.88,22.74,25.03,27.45,30.26,38.65,43.48,46.27,49.2,x
   Functional managers and directors n.e.c.,1139,62,30.77,,33.35,,16.04,20.41,22.5,24.06,26.97,34.62,38.75,41.05,43.23,x
"  Directors in Logistics, Warehousing and Transport",114,x,x,,31.83,,x,x,x,x,x,x,x,x,x,x
"   Directors in logistics, warehousing and transport",1140,x,x,,31.83,,x,x,x,x,x,x,x,x,x,x
  Managers and Directors in Retail and Wholesale,115,357,14.54,,18.09,,9.89,10.98,11.62,12.03,13.27,16.08,18.47,20.26,22.13,30.37
   Managers and directors in retail and wholesale,1150,357,14.54,,18.09,,9.89,10.98,11.62,12.03,13.27,16.08,18.47,20.26,22.13,30.37
  Senior Officers in Protective Services,116,13,28.19,,28.87,,x,21.81,23.12,25.35,27.04,29.09,30.46,31.34,x,x
   Officers in armed forces,1161,:,,,,,,,,,,,,,,
   Senior police officers,1162,10,29.04,,31.71,,x,26.98,27.35,27.52,28.21,29.6,31.06,x,x,x
"   Senior officers in fire, ambulance, prison and related services",1163,x,20.44,,22.34,,x,x,x,x,x,x,x,x,x,x
  Health and Social Services Managers and Directors,117,55,23.63,,25.29,,13.65,16.48,18.08,19.33,21.36,26.29,28.5,29.83,31.87,x
   Health services and public health managers and directors,1171,43,24.95,,26.36,,14.21,17.07,19.31,20.1,23.06,26.63,29.28,31.51,32.58,x
   Social services managers and directors,1172,12,19.46,,21.24,,x,14.76,15.62,16.88,18.36,20.84,22.43,x,x,x
 Other managers and proprietors,12,544,15.39,,17.49,,10.06,11.32,11.94,12.47,13.92,17.19,19.4,20.66,22.45,27
  Managers and Proprietors in Agriculture Related Services,121,23,14.12,,15.42,,10.06,11.16,11.55,12.25,13.05,14.66,16.6,18.54,x,x
   Managers and proprietors in agriculture and horticulture,1211,16,14.4,,15.86,,x,11.53,12.26,12.62,13.58,15.53,18.21,19.33,x,x
"   Managers and proprietors in forestry, fishing and related services",1212,x,12.69,,14.23,,x,x,x,11.32,11.57,x,x,x,x,x
  Managers and Proprietors in Hospitality and Leisure Services,122,106,11.85,,13.46,,8.67,9.68,10.08,10.48,11.04,12.64,14.16,14.96,16.1,x
   Hotel and accommodation managers and proprietors,1221,14,11.74,,16.95,,x,10.08,10.17,10.37,11.04,13.85,x,x,x,x
   Restaurant and catering establishment managers and proprietors,1222,45,11.32,,11.87,,8.77,9.53,10,10.4,10.73,11.94,12.37,12.95,13.9,x
   Publicans and managers of licensed premises,1223,22,10.95,,12.04,,7.55,8.32,8.54,9.45,10.09,11.8,12.96,13.46,x,x
   Leisure and sports managers,1224,24,14.38,,15.94,,9.85,11.12,11.91,12.08,13.22,15.34,17.38,18.69,x,x
   Travel agency managers and proprietors,1225,x,x,,15.45,,x,x,x,x,x,x,x,x,x,x
  Managers and Proprietors in Health and Care Services,123,80,17.66,,18.6,,11.65,13.4,14.24,14.8,16.37,19.76,21.54,22.51,23.58,x
   Health care practice managers,1231,21,19.3,,20.24,,12.61,14.25,15.25,16.28,17,21.04,23.26,23.93,x,x
"   Residential, day and domiciliary care managers and proprietors",1232,58,17.26,,18.1,,11.44,13.14,14.05,14.67,15.88,19.18,21.2,21.85,23,x
   Early education and childcare services proprietors,1233,x,13.58,,14.53,,x,x,x,x,x,x,x,x,x,x
"  Managers in Logistics, Warehousing and Transport",124,177,15.81,,17.52,,10.54,11.9,12.39,12.84,14.15,17.37,19.18,20.15,21.57,27.32
   Managers in transport and distribution,1241,64,18,,19.67,,11.74,13,13.98,15.11,16.62,19.49,21.71,23,25.14,x
   Managers in storage and warehousing,1242,94,13.82,,15.43,,10.08,10.97,11.54,12,12.78,15.33,16.98,17.76,18.92,x
   Managers in logistics,1243,20,18.87,,20.5,,12.51,13.95,14.49,14.91,16.55,20.78,23.03,24.18,x,x
  Managers and Proprietors in Other Services,125,158,17.21,,20.09,,10.46,11.96,12.86,13.73,15.33,19.54,22.2,23.67,25.06,33.32
"   Property, housing and estate managers",1251,87,18.67,,20.49,,11.49,12.94,13.97,15.03,16.42,19.89,22.65,23.86,25.64,x
   Garage managers and proprietors,1252,8,15.12,,18.63,,x,x,12.28,12.75,14.14,17.3,x,x,x,x
   Hairdressing and beauty salon managers and proprietors,1253,x,11.78,,12.37,,x,x,x,x,x,x,x,x,x,x
   Waste disposal and environmental services managers,1254,9,19.64,,20.84,,x,12.33,13.26,14.26,17.53,21.47,22.2,x,x,x
   Managers and directors in the creative industries,1255,10,x,,26.98,,x,13.76,13.88,14.29,16.57,x,x,x,x,x
   Betting shop and gambling establishment managers,1256,x,9.79,,10.13,,x,x,x,x,x,x,x,x,x,x
   Hire services managers and proprietors,1257,8,13.71,,15.97,,x,x,x,11.89,12.9,14.18,x,x,x,x
   Directors in consultancy services,1258,x,x,,28.84,,x,x,x,x,x,x,x,x,x,x
   Managers and proprietors in other services n.e.c.,1259,30,16.2,,19.11,,9.54,10.31,11.02,11.77,14.22,18,22.48,23.23,x,x
Professional occupations,2,5836,21.8,,23.68,,13.54,16.1,17.01,18.04,19.89,23.77,26.19,27.47,29.24,35.4
" Science, research, engineering and technology professionals",21,1577,21.79,,23.38,,13.29,15.84,16.86,17.91,19.88,23.9,26.36,27.85,29.69,34.74
  Natural and Social Science Professionals,211,117,19.45,,20.54,,12.77,14.54,15.33,16.2,18.2,20.94,22.74,23.46,24.57,x
   Chemical scientists,2111,16,17.7,,19.17,,x,13.49,14.06,14.62,15.63,19,20.77,x,x,x
   Biological scientists,2112,15,18.81,,20.38,,x,12.6,13.84,14.62,17.3,20.23,21.78,x,x,x
   Biochemists and biomedical scientists,2113,35,19.45,,20.89,,12.8,14.25,15.2,16.03,17.82,21.79,23.2,24,24.53,x
   Physical scientists,2114,11,22.03,,22.05,,x,15.21,x,18.15,19.78,23.19,x,x,x,x
   Social and humanities scientists,2115,10,18.68,,18.07,,x,13.49,14.73,15.13,16.89,19.27,x,x,x,x
   Natural and social science professionals n.e.c.,2119,29,20.47,,21.25,,14.27,16.18,16.85,17.59,18.82,21.62,22.9,23.73,24.61,x
  Engineering Professionals,212,417,21.01,,22,,13.11,15.71,16.62,17.55,19.33,22.88,25.05,26.04,27.41,31.21
   Civil engineers,2121,67,20.27,,22.19,,13,15.03,15.95,16.72,18.23,22.1,24.99,25.94,27.39,x
   Mechanical engineers,2122,30,19.7,,20.88,,13.5,15.4,16.64,18.03,18.92,20.48,22.57,24.05,x,x
   Electrical engineers,2123,41,24.48,,24.79,,14.71,17.87,19.01,20.68,22.69,26.05,27.98,29.75,31.26,x
   Electronics engineers,2124,x,26.39,,26.37,,x,x,x,x,25.63,26.94,x,x,x,x
   Production and process engineers,2125,62,20.13,,21.09,,12.09,14.82,15.96,16.55,18.55,21.93,24.41,25.27,25.85,x
   Aerospace engineers,2126,24,21.91,,21.96,,14.26,16.58,17.75,18.57,20.97,23.29,24.34,24.98,x,x
   Engineering project managers and project engineers,2127,85,21.8,,22.35,,13.09,15.67,17.01,18.14,19.71,23.31,25.66,27.34,29.02,x
   Engineering professionals n.e.c.,2129,102,19.98,,21.07,,12.78,15.33,16.16,17.01,18.44,21.97,24.05,25.48,26.61,x
  Information Technology Professionals,213,863,23.19,,24.97,,14.15,16.86,17.96,19.15,21.08,25.66,28.11,29.92,31.49,37.42
   IT project managers,2131,37,26.69,,28.45,,15.7,18.4,19.85,20.38,23.54,28.29,30.91,32.52,33.53,x
   IT managers,2132,232,24.53,,26.57,,15.09,17.88,19.1,20.18,22.32,27.32,30.56,32.39,34.46,39.28
"   IT business analysts, architects and systems designers",2133,144,25.11,,26.55,,15.26,18.22,19.59,20.43,22.7,27.28,30.29,31.18,33.38,x
   Programmers and software development professionals ,2134,319,22.43,,23.84,,13.76,16.08,17.1,18.33,20.18,24.2,26.76,28.13,30.1,35.46
   Cyber security professionals,2135,12,26.11,,26.43,,x,17.35,18.27,19.25,21.98,28.15,29.66,x,x,x
   IT quality and testing professionals,2136,11,20.34,,19.74,,x,13.54,14.08,16.33,18.95,21.19,23.39,x,x,x
   IT network professionals,2137,22,20.41,,21.42,,x,15.78,16.35,16.88,18.91,21.55,23.59,24.9,x,x
   Information technology professionals n.e.c.,2139,85,21.13,,22.16,,12.63,15.16,16.26,17.14,19.12,23.07,26.27,27.03,27.87,x
  Web and Multimedia Design Professionals,214,46,13.89,,15.71,,9.94,11.73,12.27,12.47,13.29,14.76,16.36,16.79,19,x
   Web design professionals,2141,x,16.92,,16.92,,x,x,13.19,13.76,14.22,19.23,x,x,x,x
   Graphic and multimedia designers,2142,37,13.58,,15.42,,9.93,11.36,12.06,12.34,13.14,14.59,15.34,16.33,x,x
  Conservation and Environment Professionals,215,51,16.77,,18.42,,11.23,12.35,13.29,14.3,15.65,18.45,20.84,21.62,22.69,x
   Conservation professionals,2151,11,16.8,,16.53,,x,11.73,11.82,12.8,14.94,18.34,19.41,x,x,x
   Environment professionals,2152,40,16.77,,18.96,,11.49,13.01,13.75,14.32,15.72,18.64,21.22,21.99,23.48,x
  Research and Development (R&D) and Other Research Professionals,216,83,23,,25.36,,15.56,17.61,18.65,19.43,21.23,24.89,28.27,29.85,31.78,x
   Research and development (R&D) managers ,2161,63,24.57,,26.83,,15.3,17.88,19.45,20.68,22.76,27.84,30.11,31.87,33.94,x
"   Other researchers, unspecified discipline",2162,20,19.45,,20.52,,x,17.35,17.8,18.17,19.27,20.35,21.52,22.11,x,x
 Health professionals,22,1139,20.08,,22.53,,13.58,15.84,16.56,17.19,19.01,21.8,23.62,24.62,26.24,32.74
  Medical Practitioners,221,224,27.9,,32.81,,17.06,20.56,22.14,23.26,25.05,32.26,37.6,40.75,45.09,53.88
   Generalist medical practitioners,2211,73,22.96,,24.35,,14.71,18.19,19.01,19.8,21.73,24.09,26.11,27.9,30.53,x
   Specialist medical practitioners,2212,151,32.78,,36.87,,18.53,23.57,24.46,25.91,28.41,37.34,44.24,46.84,49.6,58.24
  Therapy Professionals,222,113,18.76,,19.66,,12.73,14.02,15.37,16.04,16.96,19.89,21.79,22.76,24.01,27
   Physiotherapists,2221,44,18.75,,19.25,,12.74,13.79,15.43,16.34,16.96,19.89,21.58,22.87,23.74,x
   Occupational therapists,2222,25,19.29,,18.53,,12.74,14.28,15.55,16.04,17.3,19.38,20.13,20.85,22.54,x
   Speech and language therapists,2223,9,17.55,,18.3,,x,13.57,14.4,14.99,16.96,19.32,20.81,x,x,x
   Psychotherapists and cognitive behaviour therapists,2224,x,19.33,,18.42,,x,x,x,x,x,x,x,x,x,x
   Clinical psychologists,2225,7,23.52,,24.41,,x,x,x,16.97,18.4,x,x,x,x,x
   Other psychologists,2226,15,20.11,,23.18,,x,12.42,13.12,14.53,16.88,24.23,27.02,28.5,x,x
   Therapy professionals n.e.c.,2229,9,16.04,,16.81,,x,x,12.93,14.26,15.91,16.81,18.98,x,x,x
  Nursing Professionals,223,629,19.31,,19.7,,13.6,15.65,16.04,16.62,17.83,20.08,21.57,22.72,23.38,26.28
   Midwifery nurses,2231,26,21.09,,20.29,,12.7,15.87,17.16,18.8,19.88,22,23.21,23.69,24.53,x
   Community nurses,2232,47,17.72,,18.35,,13.48,15.58,15.9,16.12,16.97,19.3,19.9,20.3,21.02,x
   Specialist nurses,2233,41,20.85,,21.26,,15.6,18.05,19.1,19.38,19.89,21.8,23.39,23.55,24.05,x
   Nurse practitioners,2234,51,20.92,,21.05,,13,15.67,16.04,17.3,19.37,22.76,24.23,24.82,25.85,x
   Mental health nurses,2235,14,19.94,,21.29,,x,16.08,16.3,17.13,18.81,20.99,21.58,x,x,x
   Children's nurses,2236,11,17.21,,18.65,,x,13.05,13.93,15.4,16.04,20.52,22.76,x,x,x
   Other nursing professionals ,2237,439,18.77,,19.48,,13.67,15.49,15.86,16.45,17.54,19.83,20.99,22.06,22.86,25.72
  Veterinarians,224,19,19.8,,19.88,,14.9,16.01,16.48,16.71,18.98,20.45,22.06,22.74,x,x
   Veterinarians,2240,19,19.8,,19.88,,14.9,16.01,16.48,16.71,18.98,20.45,22.06,22.74,x,x
  Other Health Professionals,225,154,20.8,,20.86,,12.97,15.88,16.84,17.44,19.47,21.98,23.43,24.32,25.13,27.16
   Pharmacists,2251,49,21.45,,20.89,,12.47,15.83,16.92,17.8,19.85,22.28,23.6,24.26,24.94,x
   Optometrists,2252,x,21.76,,22.01,,x,x,x,19.11,21.34,22.97,x,x,x,x
   Dental practitioners,2253,x,20.68,,23.99,,x,x,x,x,20.13,x,x,x,x,x
   Medical radiographers,2254,23,20.33,,20.53,,14.32,16.21,16.92,17.42,19.28,21.5,22.94,24.35,25.21,x
   Paramedics,2255,24,22.85,,22.49,,15.44,18.87,19.99,20.37,21.38,24.22,24.7,25.27,25.78,x
   Podiatrists,2256,x,17.36,,19.15,,x,x,x,x,x,x,x,x,x,x
   Other health professionals n.e.c.,2259,44,19.38,,19.63,,12.02,13.32,15.11,16.03,17.27,20.3,21.45,22.85,23.84,x
 Teaching and other educational professionals,23,1336,23.66,,24.4,,15.14,17.59,18.75,19.91,21.85,25.2,27.28,28.4,29.69,34.44
  Teaching Professionals,231,1202,23.54,,24,,15.22,17.81,18.83,20.08,21.86,24.87,26.98,27.87,29,33.12
   Higher education teaching professionals,2311,153,26.43,,28.38,,16.59,19.69,20.9,22.23,24.16,28.03,30.63,32.37,35.39,x
   Further education teaching professionals,2312,76,20.02,,21.31,,14.88,16.58,17.53,17.9,18.73,21.55,23.84,25.66,26.73,x
   Secondary education teaching professionals,2313,502,24.5,,24.38,,16.13,18.71,19.66,20.77,22.81,25.77,27.47,28.66,29.43,32.85
   Primary education teaching professionals,2314,402,22.82,,23.1,,15.91,17.93,19.05,20.13,21.81,24.47,25.45,26.38,27.52,31.51
   Nursery education teaching professionals,2315,8,16.39,,19.45,,x,x,x,13.18,15.33,x,x,x,x,x
   Special needs education teaching professionals,2316,34,22.12,,21.03,,11.5,13.22,15.14,16.95,19.14,24.32,25.59,26.48,27.18,x
   Teachers of English as a foreign language,2317,x,16.05,,17.49,,x,x,x,x,x,x,x,x,x,x
   Teaching professionals n.e.c.,2319,26,15.73,,16.78,,11.12,12.17,12.62,13.01,14.18,17.47,19.7,20.47,20.97,x
  Other Educational Professionals,232,134,25.77,,27.8,,11.96,14.47,16.09,18.09,21.49,30.33,34.28,36.91,38.84,44.28
   Head teachers and principals,2321,46,38.33,,40.83,,27.77,31.76,32.53,33.53,35.93,39.77,42.42,43.81,46.05,x
   Education managers ,2322,28,21.34,,23.98,,12.99,15.26,16.63,17.34,19.6,24.4,27.92,30.4,32.22,x
   Education advisers and school inspectors,2323,12,18.91,,19.87,,x,13.05,14.43,15.12,17,19.57,22.36,x,x,x
   Early education and childcare services managers,2324,21,12.07,,13.25,,9.86,10.48,10.86,11.25,11.8,12.6,13.21,13.56,x,x
   Other educational professionals n.e.c,2329,27,24.62,,25.73,,14.61,17.22,18.01,18.82,21.36,25.99,29.02,30.3,33.5,x
" Business, media and public service professionals",24,1785,21.47,,24.24,,13.03,15.56,16.6,17.51,19.47,23.55,26.44,28.09,30.17,37.61
  Legal Professionals,241,176,24.11,,30.3,,11.85,14.24,15.85,17.28,20.65,27.19,33.47,38.3,43.37,59.94
   Barristers and judges,2411,11,x,,21.47,,x,x,x,x,x,x,x,x,x,x
   Solicitors and lawyers,2412,116,26.55,,33.02,,14.28,17.82,19.69,21.17,24.1,30.37,37.69,40.76,46.09,x
   Legal professionals n.e.c.,2419,49,16.44,,26.02,,10.53,11.77,12.09,12.86,13.98,19.17,x,x,x,x
  Finance Professionals,242,256,20.51,,24.14,,12.73,15.22,16.35,17.09,18.7,22.61,25.94,27.38,29.01,35.75
   Chartered and certified accountants,2421,88,21.45,,23.53,,13.82,16.84,17.88,18.44,19.96,23.44,26.45,27.8,28.9,x
   Finance and investment analysts and advisers,2422,148,19.49,,24.01,,12.15,14.12,14.85,15.73,17.88,21.64,23.96,26.44,28.65,x
   Taxation experts,2423,20,24.93,,27.82,,16.47,17.35,18.2,19.38,20.52,27.11,29.3,x,x,x
"  Business, Research and Administrative Professionals",243,468,21.86,,24.1,,13.78,16.03,16.85,17.88,19.86,24.15,26.77,28.46,30.59,36.5
   Management consultants and business analysts,2431,189,22.17,,24.65,,13.58,15.9,16.73,17.87,20.44,24.79,28.46,30.14,31.65,37.29
   Marketing and commercial managers,2432,91,22.73,,24.61,,13.29,16.42,17.37,18.2,20.62,25.12,28.01,29.98,32.07,x
"   Actuaries, economists and statisticians",2433,29,23.85,,28.78,,14,16.17,17.8,18.77,21.6,26.46,30.05,x,x,x
   Business and related research professionals,2434,106,19.06,,20.01,,13.46,15.34,15.93,16.72,17.97,20.01,21.46,22.78,24.12,x
   Professional/Chartered company secretaries ,2435,x,x,,x,,x,x,x,x,x,x,x,x,x,x
"   Business, research and administrative professionals n.e.c.",2439,51,25.17,,26.65,,15.92,19.15,21.06,22.62,23.82,27.12,28.71,30.62,32.38,x
  Business and Financial Project Management Professionals,244,273,25.51,,27.46,,15.24,18.86,19.83,21.01,23.11,28.02,30.41,32.58,34.89,41.45
   Business and financial project management professionals,2440,273,25.51,,27.46,,15.24,18.86,19.83,21.01,23.11,28.02,30.41,32.58,34.89,41.45
"  Architects, Chartered Architectural Technologists, Planning Officers, Surveyors and Construction Professionals",245,193,20.12,,21.53,,12.5,14.82,15.84,16.76,18.47,22.02,24.36,25.48,26.83,31.76
   Architects,2451,41,21.41,,22.46,,14.13,16.37,17.14,18.12,19.53,22.49,24.3,25.32,25.74,x
"   Chartered architectural technologists, planning officers and consultants",2452,9,17.54,,19.49,,x,x,15.34,16.01,16.71,19.84,x,x,x,x
   Quantity surveyors,2453,48,22.1,,23.5,,11.26,14.47,16.34,17.13,19.35,25.27,27,29.68,31.37,x
   Chartered surveyors,2454,72,19.55,,20.67,,12.84,14.8,15.73,16.62,18.43,21.22,23.51,24.61,26.02,x
   Construction project managers and related professionals,2455,23,17.29,,19.22,,11.5,12.65,13.64,14.57,16.3,20.72,22,23.47,x,x
  Welfare Professionals,246,147,19.25,,19.13,,12.65,15,15.77,16.69,17.77,20.13,21.63,22.24,22.76,24.85
   Social workers,2461,103,20.09,,20.32,,14.41,16.71,17.4,17.81,19.13,21.16,22.19,22.76,23.35,25.77
   Probation officers,2462,12,17.45,,17.78,,x,x,15.65,15.72,16.28,19.25,19.26,19.6,x,x
   Clergy,2463,19,13.96,,15.09,,x,10.82,11.02,11.69,13.39,15.14,15.99,x,x,x
   Youth work professionals,2464,x,18.94,,18.77,,x,x,x,x,x,19.93,x,x,x,x
   Welfare professionals n.e.c.,2469,11,14.75,,16.69,,x,12.57,x,13.05,13.58,17.64,20.78,x,x,x
  Librarians and Related Professionals,247,17,15.06,,16.67,,x,11.91,12.09,13.01,14.01,17.1,18.36,19.12,x,x
   Librarians,2471,10,15.46,,16.82,,x,x,11.82,12.19,13.3,17.33,x,x,x,x
   Archivists and curators,2472,x,14.77,,16.46,,x,x,13.19,13.68,14.48,15.76,x,x,x,x
  Quality and Regulatory Professionals,248,178,21.03,,23.1,,13.16,15.36,16.53,17.3,19.13,22.35,25.1,27.04,28.4,34.69
   Quality control and planning engineers,2481,61,19,,20.12,,12.83,14.38,15.66,16.6,17.76,20.75,21.95,22.97,23.96,x
   Quality assurance and regulatory professionals,2482,104,22.15,,25.11,,13.28,15.94,16.93,18.22,20.44,24.72,27.77,29.31,31.32,x
   Environmental health professionals,2483,13,20.95,,21.23,,x,15.32,16.55,18.32,19.7,21.88,22.4,x,x,x
  Media Professionals,249,77,18.76,,21.22,,12.28,13.96,14.92,15.7,17.03,20.64,23,24.11,26.55,x
   Newspaper and periodical editors,2491,14,20.57,,25.06,,x,15.65,17.71,18.22,19.39,21.93,22.99,x,x,x
   Newspaper and periodical journalists and reporters,2492,x,15.98,,17.13,,x,x,x,12.42,14.02,17.35,x,x,x,x
   Public relations professionals,2493,28,16.44,,17.94,,11.19,12.58,12.91,14.14,15.75,17.71,19.37,21.07,22.86,x
   Advertising accounts managers and creative directors,2494,27,21.77,,23.75,,13.79,15.51,16.32,17.05,19.08,23.83,28.06,28.41,x,x
Associate professional occupations,3,3373,15.78,,18.52,,10.47,11.97,12.59,13.2,14.41,17.38,19.6,20.68,22.04,26.96
" Science, engineering and technology associate professionals",31,711,14.6,,15.89,,10.22,11.31,11.95,12.42,13.46,15.81,17.25,18,19.17,22.61
"  Science, Engineering and Production Technicians",311,387,14.14,,15.66,,10.18,11.19,11.72,12.19,13.16,15.41,16.85,17.58,18.7,22.25
   Laboratory technicians,3111,49,11.35,,13.09,,9.51,10.2,10.37,10.68,10.98,12.19,12.61,13.34,14.2,x
   Electrical and electronics technicians ,3112,11,17.13,,17.57,,x,12.43,13.41,14.69,15.02,17.85,18.85,x,x,x
   Engineering technicians ,3113,64,17.37,,19.05,,11.65,13.66,14.46,15.29,16.53,18.72,21.13,22.02,22.71,x
   Building and civil engineering technicians ,3114,x,14.63,,x,,x,x,12.37,12.44,14.03,x,x,x,x,x
   Quality assurance technicians ,3115,27,14.01,,14.39,,10.4,11.71,12.06,12.74,13.35,14.63,15.33,15.55,15.91,x
"   Planning, process and production technicians",3116,45,15.37,,16.83,,11.04,12.44,13.07,13.43,14.21,16.98,18.7,19.5,20.88,x
"   Science, engineering and production technicians n.e.c.",3119,183,13.6,,14.58,,9.99,10.89,11.45,12,12.69,14.62,15.87,16.58,17.42,20.1
"  CAD, Drawing and Architectural Technicians",312,50,15.15,,15.74,,11.16,12.57,13.05,13.76,14.37,15.9,17.23,17.66,18.3,x
"   CAD, drawing and architectural technicians",3120,50,15.15,,15.74,,11.16,12.57,13.05,13.76,14.37,15.9,17.23,17.66,18.3,x
  Information Technology Technicians,313,274,15.16,,16.26,,10.13,11.47,12.06,12.73,13.79,16.37,17.74,18.65,20.02,23.38
   IT operations technicians,3131,78,14.85,,16.15,,10.02,11.33,11.8,12.31,13.55,15.96,17.57,18.87,19.8,x
   IT user support technicians,3132,169,15.1,,16.12,,10.1,11.53,12.12,12.7,13.78,16.4,17.68,18.63,20.03,23
   Database administrators and web content technicians,3133,26,15.66,,17.49,,10.46,11.3,12.11,13.04,15.13,17.34,17.97,18.21,x,x
 Health and social care associate professionals,32,441,12.82,,13.38,,9.22,10.18,10.7,11.18,11.98,13.64,14.52,15.04,15.69,17.5
  Health Associate Professionals,321,43,12.8,,14.14,,10.21,10.89,11.37,11.66,12.32,13.54,14.54,15.49,15.97,x
   Dispensing opticians,3211,x,13.74,,14.6,,x,x,x,12.35,13.16,14.04,x,x,x,x
   Pharmaceutical technicians,3212,16,12.79,,13.55,,x,10.94,11.42,11.7,12.5,13.18,14.06,15.08,x,x
   Medical and dental technicians,3213,19,12.69,,14.53,,10.21,10.81,11.02,11.22,11.82,13.48,14.51,15.65,x,x
   Complementary health associate professionals,3214,..,,,,,,,,,,,,,,
   Health associate professionals n.e.c.,3219,x,12,,13.51,,x,x,x,x,x,x,x,x,x,x
  Welfare and Housing Associate Professionals,322,276,13.89,,14.45,,10.47,11.45,11.87,12.3,13.15,14.53,15.46,15.88,16.52,18.59
   Youth and community workers,3221,73,14.4,,14.66,,10.66,11.49,11.96,12.5,13.68,15.01,16.01,16.46,16.93,x
   Child and early years officers,3222,39,14.02,,14.21,,10.2,11.15,11.68,12.04,12.99,14.53,15.5,15.66,16.57,x
   Housing officers,3223,42,15.35,,15.62,,11.24,12.71,13.41,13.61,14.46,16.27,17.02,17.34,18.04,x
   Counsellors,3224,12,14.21,,17.85,,x,x,12.75,12.98,13.67,15.3,17.03,x,x,x
   Welfare and housing associate professionals n.e.c.,3229,111,13.12,,13.62,,10,11,11.49,11.84,12.43,13.62,14.37,14.61,15.06,x
  Teaching and Childcare Associate Professionals,323,99,9.83,,10.53,,8.6,8.98,9.07,9.17,9.47,10.39,11.38,11.81,12.38,x
   Higher level teaching assistants,3231,25,12.44,,12.5,,9.93,10.41,10.96,11.49,11.96,12.95,13.44,13.6,14.2,x
   Early education and childcare practitioners,3232,75,9.41,,9.94,,8.44,8.91,8.95,9,9.19,9.7,10.16,10.47,10.87,x
  Veterinary nurses,324,23,11.65,,11.62,,8.91,9.58,9.98,10.46,11.05,12.24,12.58,13.16,13.34,x
   Veterinary nurses,3240,23,11.65,,11.62,,8.91,9.58,9.98,10.46,11.05,12.24,12.58,13.16,13.34,x
 Protective service occupations,33,338,19.71,,18.84,,12.82,14.38,14.88,15.63,17.74,20.24,21.05,21.57,22.16,23.84
  Protective Service Occupations,331,338,19.71,,18.84,,12.82,14.38,14.88,15.63,17.74,20.24,21.05,21.57,22.16,23.84
   Non-commissioned officers and other ranks,3311,:,,,,,,,,,,,,,,
   Police officers (sergeant and below),3312,242,20.24,,19.46,,13.01,14.57,15.63,17.18,19.71,20.89,21.58,22.02,22.64,24.01
   Fire service officers (watch manager and below),3313,51,16.21,,16.82,,13.75,14.51,14.77,14.87,15.21,17.32,17.89,18.2,18.53,x
   Prison service officers (below principal officer),3314,22,15.25,,15.97,,12.21,12.55,12.69,13.02,13.94,16.69,x,x,18.15,x
   Protective service associate professionals n.e.c.,3319,23,18.09,,19.57,,11.97,13.98,15.15,15.98,17.05,18.84,20.05,20.78,x,x
" Culture, media and sports occupations",34,128,14.26,,x,,9.75,11.02,11.38,12,12.85,15.58,17.83,19.32,21.62,x
"  Artistic, Literary and Media Occupations",341,52,15.39,,19.09,,10.31,12.28,12.56,12.81,14.27,17.56,19.51,21.31,23,x
   Artists,3411,x,16.8,,18.64,,x,x,x,x,15.02,x,x,x,x,x
"   Authors, writers and translators",3412,16,14.88,,18.93,,x,12.57,12.67,12.87,13.49,17.68,18.78,x,x,x
"   Actors, entertainers and presenters",3413,x,x,,x,,x,x,x,x,x,x,x,x,x,x
   Dancers and choreographers,3414,x,x,,22.46,,x,x,x,x,x,x,x,x,x,x
   Musicians,3415,x,x,,20.21,,x,x,x,x,x,x,x,x,x,x
"   Arts officers, producers and directors",3416,13,20.06,,24.63,,x,14.64,15.72,16.29,17.88,22.45,x,x,x,x
"   Photographers, audio-visual and broadcasting equipment operators",3417,14,12.56,,14.21,,x,10.23,10.33,10.82,12.23,13.67,14.45,x,x,x
  Design Occupations ,342,42,14.44,,16.2,,10.68,11.34,11.61,12,13.19,15.36,16.78,18.77,20.14,x
   Interior designers,3421,24,13.65,,16.09,,10.41,11.25,11.34,11.66,12.88,15.25,16.54,18.8,x,x
"   Clothing, fashion and accessories designers",3422,x,14.47,,16.7,,x,x,x,x,13.35,x,x,x,x,x
   Design occupations n.e.c.,3429,12,14.8,,16.17,,x,11.43,11.71,11.98,13.56,15.3,x,x,x,x
  Sports and Fitness Occupations,343,33,11.6,,x,,8.3,9.33,9.64,9.94,10.93,12.88,15.18,x,x,x
   Sports players,3431,x,x,,x,,x,x,x,x,x,x,x,x,x,x
"   Sports coaches, instructors and officials",3432,20,11.37,,12.77,,8.2,8.92,9.33,9.57,10.24,12.87,14.07,15.55,x,x
   Fitness and wellbeing instructors,3433,x,10.76,,11.15,,x,x,x,9.69,10.03,10.97,x,x,x,x
 Business and public service associate professionals,35,1755,17.09,,20,,11.07,12.73,13.42,14.16,15.58,19.08,21.34,22.93,24.89,32.05
  Transport Associate Professionals,351,13,29.57,,32.48,,x,17.17,19.42,22.16,25.76,x,x,x,x,x
   Aircraft pilots and air traffic controllers,3511,10,x,,35.54,,x,20.36,x,22.56,29.08,x,x,x,x,x
   Ship and hovercraft officers,3512,x,x,,22.79,,x,x,x,x,x,x,x,x,x,x
  Legal Associate Professionals,352,35,15.32,,17.89,,10.36,11.51,12.23,12.56,13.65,15.95,17.9,19.21,x,x
   Legal associate professionals,3520,35,15.32,,17.89,,10.36,11.51,12.23,12.56,13.65,15.95,17.9,19.21,x,x
  Finance Associate Professionals,353,177,19.92,,23.01,,12.7,14.78,15.57,16.26,18.02,22.47,24.78,26.24,28.17,36.13
   Brokers,3531,11,23.66,,26.3,,x,13.57,13.8,14.19,16.69,x,x,x,x,x
   Insurance underwriters,3532,17,17.98,,23.73,,x,15.31,15.57,15.82,16.97,18.89,23.81,x,x,x
   Financial and accounting technicians,3533,31,21.2,,22.52,,13.11,15.35,16.06,17.4,19.51,23.55,25.11,26,27.2,x
   Financial accounts managers,3534,118,19.57,,22.72,,12.28,14.72,15.53,16.17,17.9,21.73,24.41,26.22,28.05,x
  Business Associate Professionals,354,258,15.46,,17.4,,10.75,12,12.69,13.14,14.21,16.82,18.77,19.9,20.79,25.12
"   Estimators, valuers and assessors",3541,48,15.83,,18.54,,11.65,13.06,13.53,13.94,14.97,17.13,18.87,20.07,21.54,x
   Importers and exporters,3542,x,18.11,,17.92,,x,x,x,x,x,x,x,x,x,x
   Project support officers,3543,38,15.13,,16.15,,10.72,11.91,12.36,12.83,13.49,16.09,17.05,18,19.4,x
   Data analysts,3544,104,16.42,,17.85,,11.26,13.04,13.52,14.03,15.33,18.3,20,20.74,21.89,x
   Business associate professionals n.e.c.,3549,66,13.42,,16.56,,10.2,10.62,11.26,11.5,12.37,14.5,16.49,17.7,19.38,x
"  Sales, Marketing and Related Associate Professionals",355,860,18.13,,21.4,,10.9,12.68,13.51,14.31,16.01,20.51,23.77,25.5,27.66,36.47
   Buyers and procurement officers,3551,50,16.12,,17.33,,12.08,13.08,13.67,14.29,14.99,17.05,18.35,19.11,20.28,x
   Business sales executives,3552,174,15.39,,17.94,,9.82,11.39,11.9,12.51,13.91,17.35,20,21.16,22.82,27.25
   Merchandisers ,3553,10,13.47,,13.13,,x,9.66,x,10.9,11.74,14.21,14.44,x,x,x
   Marketing associate professionals,3554,141,14.33,,16.09,,10.31,11.66,12.05,12.5,13.46,15.34,16.81,17.88,18.69,x
   Estate agents and auctioneers,3555,28,11.56,,13.18,,8.9,9.43,9.81,10.11,10.85,12.92,13.92,14.85,x,x
   Sales accounts and business development managers,3556,430,23.11,,26.18,,13.27,16.13,17.29,18.37,20.77,25.58,28.75,31.4,34.35,43.42
   Events managers and organisers,3557,27,13.54,,14.55,,10.6,11.41,11.89,12.36,13.14,14.1,14.91,16.28,x,x
  Public Services Associate Professionals,356,106,17.61,,17.82,,13.53,15.3,15.85,16.32,17.06,18.51,19.43,20,20.66,21.65
   Public services associate professionals,3560,106,17.61,,17.82,,13.53,15.3,15.85,16.32,17.06,18.51,19.43,20,20.66,21.65
"  HR, Training and Other Vocational Associate Guidance Professionals",357,242,14.86,,16.01,,10.49,11.75,12.34,12.82,13.8,16.06,17.36,18.33,19.19,22.13
   Human resources and industrial relations officers,3571,123,14.15,,15.34,,10.19,11.22,11.72,12.22,13.13,15.41,16.72,17.63,18.72,x
   Careers advisers and vocational guidance specialists,3572,11,14.1,,15.99,,x,12.6,13.07,13.19,13.49,14.74,18.13,x,x,x
   Information technology trainers,3573,x,17.84,,18.15,,x,x,x,x,x,19.35,x,x,x,x
   Other vocational and industrial trainers,3574,103,15.47,,16.7,,11.01,12.58,12.99,13.48,14.37,16.61,17.76,18.71,19.49,x
  Regulatory Associate Professionals,358,64,18.57,,20.33,,13.2,14.38,14.98,15.64,16.96,20.12,22.16,23.05,24.63,x
   Inspectors of standards and regulations,3581,16,15.34,,18.21,,x,13.74,13.84,13.87,14.86,16.29,19.2,x,x,x
   Health and safety managers and officers,3582,48,19.35,,21.02,,13.69,15.34,16.06,16.6,17.68,20.93,22.74,24.19,25.45,x
Administrative and secretarial occupations,4,2080,12.7,,14.29,,9.5,10.28,10.7,10.96,11.77,13.8,14.98,15.85,16.76,20.65
 Administrative occupations,41,1811,12.85,,14.43,,9.63,10.43,10.81,11.08,11.93,13.95,15.1,15.92,16.77,20.75
  Administrative Occupations: Government and Related Organisations,411,252,13.74,,13.82,,10.43,10.88,11.03,11.51,12.68,14.28,14.66,15.22,15.93,16.98
   National government administrative occupations,4111,220,13.68,,13.67,,10.43,10.88,10.94,11.44,12.51,14.28,14.28,15.12,15.66,16.97
   Local government administrative occupations,4112,27,14.01,,14.78,,10.72,11.28,11.52,12.37,12.97,14.93,15.68,16.16,16.46,x
   Officers of non-governmental organisations,4113,5,14.92,,15.44,,x,x,11.52,12.36,13.24,15.87,x,x,x,x
  Administrative Occupations: Finance,412,435,12.82,,14.56,,9.56,10.44,10.81,11.23,12.05,13.91,15.33,16.15,17.08,21.18
   Credit controllers,4121,20,13.06,,14.54,,10.05,11.31,11.71,11.84,12.69,13.82,14.57,15.32,x,x
"   Book-keepers, payroll managers and wages clerks",4122,242,13.68,,15.35,,9.75,10.74,11.16,11.73,12.65,14.96,16.49,17.81,19.01,23.51
   Bank and post office clerks,4123,87,11.59,,13.29,,9.18,9.74,10.06,10.42,11.03,12.24,13.12,13.68,14.44,x
   Finance officers,4124,22,13.63,,14.36,,10.65,11.25,11.52,12.11,12.69,14.69,15.74,16.25,16.6,x
   Financial administrative occupations n.e.c.,4129,64,12.13,,13.37,,9.49,10.22,10.4,10.72,11.49,12.99,14.16,14.67,16.09,x
  Administrative Occupations: Records,413,273,12,,13.29,,9.51,10.15,10.53,10.81,11.31,12.74,13.69,14.4,14.99,17.06
   Records clerks and assistants,4131,92,11.83,,13.2,,9.5,10.09,10.52,10.81,11.22,12.42,13.48,14.37,15.03,16.98
   Pensions and insurance clerks and assistants,4132,35,12.46,,13.63,,9.55,10.08,10.45,10.72,11.39,13.18,13.89,14.32,15.01,x
   Stock control clerks and assistants,4133,73,11.96,,13.27,,9.37,10.05,10.37,10.76,11.25,12.52,13.55,14.17,14.92,x
   Transport and distribution clerks and assistants,4134,47,12.81,,13.8,,9.66,10.49,11.01,11.31,11.78,13.78,14.75,15.3,16,x
   Library clerks and assistants,4135,9,11.36,,12.01,,x,10.51,10.7,10.77,11.15,11.85,12.08,x,x,x
   Human resources administrative occupations,4136,18,11.93,,12.33,,9.61,10.08,10.29,10.51,11.09,12.2,13.24,13.48,x,x
  Administrative Occupations: Office Managers and Supervisors,414,253,15.55,,17.36,,10.41,11.88,12.5,13.19,14.33,16.87,19.05,20,21.39,25.8
   Office managers,4141,159,16.17,,17.81,,10.61,12.1,12.93,13.52,14.83,17.67,19.59,20.5,22.24,26.88
   Office supervisors,4142,45,13.8,,15.23,,10.05,11.09,11.57,12.05,12.98,14.54,15.68,16.47,18.22,x
   Customer service managers,4143,48,15.91,,17.91,,10.6,11.86,12.84,13.79,14.92,17.33,19.23,20.41,21.74,x
  Other Administrative Occupations,415,599,12.08,,13.87,,9.27,10,10.26,10.58,11.23,13.08,14.22,15.07,16.06,20.42
   Sales administrators,4151,42,11.3,,12.34,,9.21,9.92,10.21,10.46,11,12.27,12.88,13.39,13.9,x
   Data entry administrators,4152,13,10.76,,12.53,,9.36,9.7,9.93,10.06,10.51,11.37,11.97,x,x,x
   Other administrative occupations n.e.c.,4159,544,12.2,,14.02,,9.27,10,10.27,10.63,11.29,13.21,14.37,15.32,16.36,20.79
 Secretarial and related occupations,42,269,11.75,,13.32,,9,9.65,9.94,10.2,10.93,12.59,13.92,14.94,16.39,20.04
  Secretarial and Related Occupations,421,269,11.75,,13.32,,9,9.65,9.94,10.2,10.93,12.59,13.92,14.94,16.39,20.04
   Medical secretaries,4211,22,12.3,,11.89,,10.1,10.71,10.81,10.87,11.27,12.35,12.35,12.43,12.79,x
   Legal secretaries,4212,17,11.95,,12.85,,9.48,10.22,10.57,10.77,11.24,12.41,12.94,13.75,14.92,x
   School secretaries,4213,14,11.4,,12.03,,9.75,10.16,10.41,10.54,10.91,11.83,12.41,12.67,x,x
   Company secretaries and administrators,4214,x,14.23,,15.64,,x,x,x,12.7,13.74,14.51,x,x,x,x
   Personal assistants and other secretaries,4215,113,14.78,,16.11,,9.89,10.95,11.57,12.24,13.37,16.45,18.07,19.02,20.4,23.4
   Receptionists,4216,97,9.94,,10.61,,8.5,8.95,9.04,9.2,9.57,10.24,11.02,11.41,11.95,13.39
   Typists and related keyboard occupations,4217,x,10.78,,11.25,,x,x,x,x,x,x,x,x,x,x
Skilled trades occupations,5,1499,13.3,,14.22,,9.11,10.13,10.68,11.18,12.16,14.45,15.8,16.58,17.42,20.25
 Skilled agricultural and related trades,51,85,11.01,,11.68,,9,9.58,9.82,9.97,10.5,11.57,12.2,12.75,13.15,15.19
  Agricultural and Related Trades,511,85,11.01,,11.68,,9,9.58,9.82,9.97,10.5,11.57,12.2,12.75,13.15,15.19
   Farmers,5111,x,11.67,,13.17,,x,x,x,10.33,11,13.25,14.92,x,x,x
   Horticultural trades,5112,x,10.76,,11.17,,x,x,x,9.72,9.96,11.41,x,x,x,x
   Gardeners and landscape gardeners,5113,31,10.89,,11.54,,8.99,9.5,9.83,10,10.53,11.26,11.85,12.3,12.85,x
   Groundsmen and greenkeepers,5114,31,10.46,,11.09,,8.98,9.37,9.59,9.76,9.97,11.02,11.57,12,12.38,x
   Agricultural and fishing trades n.e.c.,5119,12,12.46,,12.94,,x,10.76,10.99,11.3,12,13.07,13.71,14.01,x,x
" Skilled metal, electrical and electronic trades",52,845,14.63,,15.45,,9.99,11.38,11.98,12.5,13.54,15.81,17.04,17.8,18.76,21.8
"  Metal Forming, Welding and Related Trades",521,61,13,,13.9,,9.66,11,11.44,11.83,12.53,13.71,14.39,15,15.67,x
   Sheet metal workers,5211,6,11.95,,12.81,,x,x,10.49,10.88,11.52,12.77,x,x,x,x
"   Metal plate workers, smiths, moulders and related occupations",5212,11,13.43,,15.07,,x,11,11.16,11.84,12.89,14.6,16.08,x,x,x
   Welding trades,5213,41,12.97,,13.46,,9.91,11.06,11.48,11.85,12.5,13.59,14.2,14.63,15.25,x
   Pipe fitters,5214,x,x,,17.99,,x,x,x,x,x,x,x,x,x,x
"  Metal Machining, Fitting and Instrument Making Trades",522,385,14.79,,15.71,,9.92,11.28,11.9,12.5,13.6,16.06,17.44,18.35,19.25,22.68
   Metal machining setters and setter-operators,5221,59,13.81,,14.11,,10,11.11,11.65,12,12.77,14.64,15.42,15.81,16.52,x
"   Tool makers, tool fitters and markers-out",5222,9,15.17,,16.71,,x,13.12,13.67,13.93,14.49,15.72,16.81,x,x,x
   Metal working production and maintenance fitters,5223,301,15.09,,16.04,,9.89,11.26,11.91,12.61,13.88,16.59,18.03,18.93,19.81,23.55
   Precision instrument makers and repairers,5224,10,13.7,,14.43,,x,10.73,11.31,11.68,12.66,14.47,15.67,x,x,x
   Air-conditioning and refrigeration installers and repairers,5225,6,14.54,,15.31,,x,x,11.89,12.07,13.69,15.98,x,x,x,x
  Vehicle Trades,523,128,13.1,,13.79,,9.27,10.68,11.17,11.67,12.35,14,15,15.64,16.37,18.06
"   Vehicle technicians, mechanics and electricians",5231,88,12.95,,13.39,,9.12,10.5,11,11.44,12.14,13.73,14.63,15.34,16.03,17.71
   Vehicle body builders and repairers ,5232,20,12.94,,12.98,,9.28,10.61,11.29,11.72,12.12,13.31,14.01,14.47,14.98,x
   Vehicle paint technicians,5233,6,12.94,,12.95,,x,x,11.79,12.43,12.76,13.42,x,x,x,x
   Aircraft maintenance and related trades,5234,6,17.86,,18.89,,x,x,x,15.74,16.78,18.93,x,x,x,x
   Boat and ship builders and repairers,5235,x,13.98,,13.64,,x,x,x,x,x,x,x,x,x,x
   Rail and rolling stock builders and repairers,5236,x,16.58,,20.4,,x,x,x,15.38,x,22.03,x,x,x,x
  Electrical and Electronic Trades,524,226,15.53,,15.95,,10.34,12,12.63,13.28,14.49,16.41,17.52,18.32,19.17,21.73
   Electricians and electrical fitters,5241,97,15.16,,15.13,,9.94,11.45,12.02,12.78,14.02,16.2,16.98,17.5,18.26,19.98
   Telecoms and related network installers and repairers,5242,17,16.13,,17.71,,11.87,13.27,13.51,13.97,14.96,17.7,18.78,19.99,x,x
"   TV, video and audio servicers and repairers",5243,x,12.12,,12.83,,x,x,x,x,x,12.83,x,x,x,x
   Computer system and equipment installers and servicers,5244,10,15.13,,15.61,,x,9.91,11.22,11.95,14.23,15.93,x,x,x,x
   Security system installers and repairers,5245,9,14.52,,14.59,,x,12.08,12.5,13.06,14.33,15.26,15.87,16.26,x,x
   Electrical service and maintenance mechanics and repairers,5246,62,15.98,,16.53,,10.73,12.37,13.12,13.75,14.98,16.97,18.11,19.01,19.97,x
   Electrical and electronic trades n.e.c.,5249,27,16.12,,17.47,,11.29,12.74,13.28,14,15.33,17.47,19.84,20.49,22.2,x
"  Skilled Metal, Electrical and Electronic Trades Supervisors",525,45,16.97,,17.65,,11.56,13.76,14.19,14.75,15.96,17.89,19.1,20,21.13,x
"   Skilled metal, electrical and electronic trades supervisors",5250,45,16.97,,17.65,,11.56,13.76,14.19,14.75,15.96,17.89,19.1,20,21.13,x
 Skilled construction and building trades,53,284,14,,14.56,,9.92,11.01,11.5,12,12.98,14.81,15.87,16.55,17.31,19.56
  Construction and Building Trades,531,196,13.5,,13.84,,9.56,10.75,11.21,11.55,12.58,14.26,15.14,15.63,16.32,18.2
   Steel erectors,5311,x,12.59,,13.31,,x,x,x,x,12.52,13,x,x,x,x
   Stonemasons and related trades,5312,x,13.51,,13.7,,x,x,x,11.94,12.53,13.96,x,x,x,x
   Bricklayers ,5313,9,14.41,,14.69,,x,11.07,12.48,12.72,13.91,15.01,15.9,x,x,x
"   Roofers, roof tilers and slaters",5314,11,12,,12.69,,x,9.76,10.01,10.48,11.46,12.75,13.59,14.11,x,x
   Plumbers & heating and ventilating installers and repairers,5315,54,15.26,,15.4,,10.19,12.46,13.37,13.92,14.58,16.04,16.93,17.43,17.97,x
   Carpenters and joiners,5316,65,13.22,,13.2,,9.29,10.5,11,11.46,12.46,13.89,14.52,15.04,15.48,x
"   Glaziers, window fabricators and fitters",5317,19,11.2,,11.93,,9.13,9.69,10,10.42,10.89,11.73,12.41,12.97,13.45,x
   Construction and building trades n.e.c.,5319,28,12.5,,13.91,,10,10.89,11.19,11.3,11.73,13.5,14.36,15.03,15.5,x
  Building Finishing Trades,532,32,12.5,,13.06,,9.17,10.43,10.95,11.21,11.96,13.18,13.86,14.34,15.12,x
   Plasterers,5321,6,13.57,,13.47,,x,x,x,12.25,13.09,14.12,14.96,x,x,x
   Floorers and wall tilers,5322,8,12.1,,13.39,,x,10.02,10.43,10.88,11.55,13.03,x,x,x,x
   Painters and decorators,5323,18,12.27,,12.76,,9.25,10.43,10.73,11,11.62,12.71,13.55,13.75,x,x
  Construction and Building Trades Supervisors,533,56,17.06,,17.79,,12.5,13.94,14.38,14.84,16,18.03,19.09,20.21,21.28,x
   Construction and building trades supervisors,5330,56,17.06,,17.79,,12.5,13.94,14.38,14.84,16,18.03,19.09,20.21,21.28,x
" Textiles, printing and other skilled trades",54,286,10.24,,10.87,,7.9,8.91,9.01,9.27,9.79,10.85,11.5,11.98,12.5,14.4
  Textiles and Garments Trades,541,16,10.51,,11.48,,8.52,9.1,9.3,9.49,9.99,10.96,11.93,12.34,x,x
   Upholsterers,5411,x,11.02,,11.95,,x,x,x,x,10.79,11.53,x,x,x,x
   Footwear and leather working trades,5412,x,9.39,,11.59,,x,x,x,x,9.19,x,x,x,x,x
   Tailors and dressmakers,5413,x,11.14,,11.95,,x,x,x,x,x,x,x,x,x,x
"   Textiles, garments and related trades n.e.c.",5419,7,10.5,,11.05,,x,x,9.47,9.54,9.89,10.79,11.17,x,x,x
  Printing Trades,542,22,11.63,,12.38,,8.88,9.25,9.73,9.92,10.75,12.33,13.42,13.93,14.67,x
   Pre-press technicians,5421,x,12.42,,12.13,,x,x,x,x,x,x,x,x,x,x
   Printers,5422,12,11.84,,13.21,,x,9.78,10.01,10.68,11.26,13,14.04,x,x,x
   Print finishing and binding workers,5423,8,10.32,,11.18,,x,9.1,9.23,9.7,9.82,11.33,12.24,x,x,x
  Food Preparation and Hospitality Trades,543,226,10,,10.44,,7.66,8.73,8.96,9.11,9.58,10.55,11.07,11.49,11.98,13.42
   Butchers,5431,26,11,,11.61,,9.14,9.73,10.06,10.3,10.61,11.84,12.24,12.5,12.78,x
   Bakers and flour confectioners,5432,14,10.83,,11.26,,9,9.33,9.41,9.59,10.16,11,11.41,12.24,x,x
   Fishmongers and poultry dressers,5433,x,9.61,,9.8,,x,x,x,x,x,x,x,x,x,x
   Chefs,5434,123,9.79,,10.11,,7.3,8,8.38,8.79,9.18,10.25,10.9,11.22,11.87,13.41
   Cooks,5435,21,9.91,,10.3,,8.95,9.15,9.23,9.35,9.64,10.26,10.5,10.76,11.15,x
   Catering and bar managers,5436,38,10.05,,10.51,,7.99,8.72,8.94,9.11,9.67,10.52,11.12,11.52,11.84,x
  Other Skilled Trades,544,22,11.89,,13.36,,9.01,9.9,10.16,10.44,11.43,13.33,14.87,15.59,15.98,x
"   Glass and ceramics makers, decorators and finishers",5441,x,10.97,,11.88,,x,x,x,x,x,x,x,x,x,x
   Furniture makers and other craft woodworkers,5442,8,11.42,,12.68,,x,x,10,10.13,10.6,12.08,13.33,x,x,x
   Florists,5443,..,,,,,,,,,,,,,,
   Other skilled trades n.e.c.,5449,11,13.23,,14.34,,x,10.28,11.08,11.47,11.72,14.68,15.85,x,x,x
"Caring, leisure and other service occupations",6,1127,10.6,,11.41,,8.96,9.31,9.5,9.71,10.09,11.24,12,12.46,13.1,15.02
 Caring personal service occupations,61,938,10.51,,11.28,,9,9.32,9.5,9.7,10.06,11.13,11.87,12.31,12.82,14.56
  Teaching and Childcare Support Occupations,611,224,10.31,,10.85,,8.97,9.33,9.52,9.72,10.01,10.86,11.47,11.74,12.14,13.43
   Early education and childcare assistants,6111,49,9.56,,10.21,,8.39,8.92,8.97,9.05,9.21,10.04,10.97,11.46,12.05,x
   Teaching assistants,6112,114,10.44,,10.99,,9.19,9.63,9.76,9.85,10.16,11.05,11.49,11.77,12.06,13.21
   Educational support assistants,6113,52,10.36,,10.9,,9.16,9.53,9.69,9.83,10.08,10.64,11.37,11.62,11.83,x
   Childminders,6114,x,9.4,,10.68,,x,x,x,x,x,x,x,x,x,x
   Nannies and au pairs,6116,6,13.1,,13.39,,x,11.46,11.63,11.81,12.18,13.75,14.86,x,x,x
   Playworkers,6117,x,9.91,,10.37,,x,x,x,x,9.78,x,x,x,x,x
  Animal Care and Control Services,612,22,10.28,,10.51,,8.18,8.91,9.06,9.43,9.76,10.66,11.22,11.49,11.95,x
   Pest control officers,6121,x,11.71,,12.56,,x,x,x,x,10.81,12.33,x,x,x,x
   Animal care services occupations n.e.c.,6129,18,10,,10.14,,8,8.9,8.94,9.06,9.57,10.42,10.92,11.22,11.48,x
  Caring Personal Services,613,693,10.63,,11.42,,9,9.33,9.5,9.7,10.09,11.25,12.06,12.51,13.19,15.01
   Nursing auxiliaries and assistants,6131,225,11.24,,11.93,,9.21,9.72,9.9,10.13,10.74,11.96,12.61,13.12,13.64,15.31
   Ambulance staff (excluding paramedics),6132,21,12.05,,13.04,,9.06,9.96,10.14,10.57,11.49,13.31,15.89,16.42,17.5,x
   Dental nurses,6133,27,10,,10.91,,8.63,8.94,9.1,9.26,9.52,10.59,11.05,11.6,12.13,x
   Houseparents and residential wardens,6134,9,13.42,,14.07,,x,10.45,11.02,11.19,11.81,14.73,16.1,16.32,x,x
   Care workers and home carers,6135,333,10.05,,10.88,,8.95,9.17,9.29,9.4,9.71,10.56,11.32,11.83,12.39,14.01
   Senior care workers,6136,64,10.83,,11.47,,9.3,9.71,9.94,10.07,10.4,11.33,11.88,12.41,12.95,14.48
   Care escorts,6137,x,9.89,,11.79,,x,x,x,x,x,x,x,x,x,x
"   Undertakers, mortuary and crematorium assistants",6138,12,12.62,,13.11,,x,10.47,10.92,10.99,11.9,13.47,14.28,14.97,x,x
" Leisure, travel and related personal service occupations",62,171,10.83,,12,,8.2,9.07,9.43,9.63,10.2,11.65,12.7,13.21,14.21,17.09
  Leisure and Travel Services,621,58,12.95,,14.14,,8.64,9.78,10.2,10.65,11.56,14.23,16.05,17.06,17.66,x
   Sports and leisure assistants,6211,17,10.66,,11.1,,7.7,9.05,9.27,9.69,10.05,10.83,11.5,11.7,x,x
   Travel agents,6212,11,11.87,,13.97,,8.08,9.29,9.65,9.97,10.64,12.75,13.69,14.7,x,x
   Air travel assistants,6213,6,11.68,,12.86,,x,9.03,9.39,9.87,10.8,13.19,14.24,x,x,x
   Rail travel assistants,6214,20,17.49,,17.75,,13.04,14.54,15.19,15.81,16.72,18.48,19.66,20.54,21.06,x
   Leisure and travel service occupations n.e.c.,6219,x,11.23,,12.2,,x,x,x,10.3,10.5,11.43,x,x,x,x
  Hairdressers and Related Services,622,31,8.91,,9.14,,6.56,7.2,7.72,7.94,8.38,9.1,9.65,9.92,10.23,x
   Hairdressers and barbers,6221,21,8.91,,9.12,,5.8,7.07,7.41,7.84,8.36,9,9.63,9.87,10.14,x
   Beauticians and related occupations,6222,10,8.91,,9.18,,x,7.47,7.94,8.17,8.45,9.18,9.69,10.07,x,x
  Housekeeping and Related Services,623,58,11.14,,11.75,,9.2,9.63,9.89,10.05,10.41,11.83,12.38,12.72,12.98,x
   Housekeepers and related occupations,6231,15,9.94,,11.08,,8.91,9.08,9.26,9.44,9.8,10.47,11.42,12.01,12.38,x
   Caretakers,6232,42,11.48,,12,,9.5,9.97,10.2,10.3,10.92,12.05,12.62,12.88,13.19,x
  Cleaning and Housekeeping Managers and Supervisors,624,25,10.5,,11.19,,8.91,9.23,9.47,9.58,9.99,11,11.73,11.96,12.85,x
   Cleaning and housekeeping managers and supervisors,6240,25,10.5,,11.19,,8.91,9.23,9.47,9.58,9.99,11,11.73,11.96,12.85,x
  Bed and Breakfast and Guest House Owners and Proprietors ,625,..,,,,,,,,,,,,,,
   Bed and breakfast and guest house owners and proprietors ,6250,..,,,,,,,,,,,,,,
 Community and civil enforcement occupations,63,19,12.69,,12.79,,9.9,10.73,10.93,11.15,11.77,13.47,14.12,14.88,15.17,x
  Community and Civil Enforcement Occupations,631,19,12.69,,12.79,,9.9,10.73,10.93,11.15,11.77,13.47,14.12,14.88,15.17,x
   Police community support officers,6311,7,14.9,,14.61,,x,13.48,x,13.9,14.31,15.27,15.51,x,x,x
   Parking and civil enforcement occupations,6312,11,11.33,,11.71,,9.5,10,10.37,10.64,11.01,11.72,12.52,12.69,x,x
Sales and customer service occupations,7,762,10.59,,12.1,,8.91,9.27,9.45,9.64,10.06,11.38,12.43,13.14,13.88,16.67
 Sales occupations,71,480,10.22,,11.78,,8.9,9.11,9.3,9.44,9.82,10.83,11.82,12.48,13.26,15.64
  Sales Assistants and Retail Cashiers,711,389,10,,11.31,,8.81,9.01,9.2,9.31,9.62,10.54,11.3,12.02,12.93,14.92
   Sales and retail assistants,7111,327,10.01,,11.44,,8.78,9,9.19,9.31,9.64,10.66,11.69,12.4,13.22,15.29
   Retail cashiers and check-out operators,7112,15,9.52,,10.22,,8.76,9.04,9.2,9.3,9.32,10,10.19,10.37,10.45,x
   Telephone salespersons,7113,6,10,,10.89,,x,8.91,9.33,9.56,9.69,10.52,11.23,x,x,x
   Pharmacy and optical dispensing assistants,7114,27,9.53,,9.79,,8.91,9.03,9.12,9.18,9.38,9.91,x,10.01,10.17,x
   Vehicle and parts salespersons and advisers,7115,13,10.8,,12.38,,9.1,9.49,9.75,10.01,10.43,11.18,11.97,12.21,x,x
  Sales Related Occupations,712,31,11.16,,12.31,,9,9.49,9.75,10,10.48,11.71,12.48,13,13.53,x
   Collector salespersons and credit agents,7121,x,10.07,,10.78,,x,x,x,x,x,x,x,x,x,x
"   Debt, rent and other cash collectors",7122,13,10.85,,11.48,,8.91,9.41,9.65,10,10.43,11.32,11.88,12.39,12.85,x
   Roundspersons and van salespersons,7123,x,10.57,,11.25,,x,x,x,9.22,9.9,11.33,x,x,x,x
   Market and street traders and assistants,7124,..,,,,,,,,,,,,,,
   Visual merchandisers and related occupations,7125,x,x,,13.51,,x,x,x,x,x,x,x,x,x,x
   Sales related occupations n.e.c.,7129,14,11.52,,13.28,,9.37,9.7,9.86,10,10.62,12.22,13.07,13.89,x,x
  Shopkeepers and Sales Supervisors,713,60,11.48,,14.47,,9.21,10,10.22,10.32,10.8,12.52,13.8,14.47,15.34,x
   Shopkeepers and owners - retail and wholesale,7131,5,x,,32.12,,x,12.95,13.39,13.71,14.98,x,x,x,x,x
   Sales supervisors - retail and wholesale ,7132,55,11.28,,12.79,,9.17,9.88,10.17,10.3,10.54,12.19,13.25,14,14.63,x
 Customer service occupations,72,283,11.48,,12.66,,9.01,9.69,9.94,10.21,10.73,12.29,13.35,14.1,15.11,17.89
  Customer Service Occupations,721,260,11.28,,12.41,,8.98,9.59,9.88,10.1,10.58,12.05,12.99,13.74,14.62,17.45
   Call and contact centre occupations,7211,29,10.5,,11.24,,8.91,9.13,9.34,9.61,10.08,11.1,11.58,11.9,12.31,x
   Telephonists,7212,9,13.5,,13.85,,x,10.89,11.85,12.51,13.03,14.52,15.32,15.65,x,x
   Communication operators,7213,7,13.81,,14.17,,x,11.12,11.57,12.09,12.75,14.53,15.79,16.19,x,x
   Market research interviewers,7214,..,,,,,,,,,,,,,,
   Customer service occupations n.e.c.,7219,215,11.26,,12.45,,9.01,9.62,9.89,10.12,10.58,12.04,12.98,13.65,14.59,17.5
  Customer Service Supervisors,722,23,14.46,,15.47,,10.56,11.61,11.99,12.49,13.28,15.45,17.03,17.51,18.3,x
   Customer service supervisors,7220,23,14.46,,15.47,,10.56,11.61,11.99,12.49,13.28,15.45,17.03,17.51,18.3,x
"Process, plant and machine operatives",8,1161,11.81,,13.05,,9.07,9.71,10,10.37,11.08,12.68,13.79,14.43,15.31,18.13
" Process, plant and machine operatives",81,561,11.39,,12.52,,9,9.46,9.74,10,10.67,12.27,13.36,14.13,14.98,17.51
  Process Operatives,811,180,10.58,,11.74,,8.91,9.22,9.4,9.62,10.04,11.4,12.24,12.77,13.52,15.88
"   Food, drink and tobacco process operatives",8111,118,10.15,,11.11,,8.91,9.13,9.24,9.41,9.8,10.78,11.5,12,12.51,14.27
   Textile process operatives,8112,8,10.3,,11.4,,x,8.91,9.07,9.29,9.85,11.08,12.26,12.89,x,x
   Chemical and related process operatives,8113,16,13,,14.28,,9.22,10.05,10.41,11.12,11.82,14.17,15.18,16.56,x,x
   Plastics process operatives,8114,9,11.23,,11.95,,x,9.34,9.76,9.99,10.41,11.55,12.64,13.1,x,x
   Metal making and treating process operatives,8115,16,12.57,,13.28,,9.39,10.22,10.53,11.06,11.91,13.61,14.84,15.14,15.71,x
   Process operatives n.e.c.,8119,12,11.18,,12.4,,8.91,9.33,9.81,10.05,10.38,11.64,12.24,12.77,x,x
  Metal Working Machine Operatives,812,15,11.41,,12.12,,9.05,9.76,9.98,10.23,10.91,12.17,13.03,13.99,14.35,x
   Metal working machine operatives ,8120,15,11.41,,12.12,,9.05,9.76,9.98,10.23,10.91,12.17,13.03,13.99,14.35,x
  Plant and Machine Operatives,813,49,12.26,,13.02,,9.27,9.99,10.28,10.66,11.31,12.97,14.07,14.67,15.41,x
   Paper and wood machine operatives,8131,13,11.32,,12.27,,8.91,9.6,9.88,10,10.62,12,12.75,13,x,x
   Mining and quarry workers and related operatives,8132,x,12.79,,13.81,,x,x,x,10.94,12.12,13.83,x,x,x,x
   Energy plant operatives,8133,5,15.57,,16.73,,x,x,12.9,13.48,14.65,17.24,x,x,x,x
   Water and sewerage plant operatives,8134,7,13.37,,13.62,,x,10.67,11.25,11.3,12.48,14.14,15.24,x,x,x
   Printing machine assistants,8135,10,10.99,,12.12,,x,9.58,9.97,10.27,10.68,12.24,13.14,14.04,x,x
   Plant and machine operatives n.e.c.,8139,10,11.99,,12.04,,x,10.09,10.21,10.69,11.23,12.39,12.84,13.36,x,x
  Assemblers and Routine Operatives,814,190,11.03,,11.97,,8.93,9.36,9.55,9.85,10.33,11.8,12.7,13.3,14.3,16.67
   Assemblers (electrical and electronic products),8141,28,10.5,,11.34,,8.91,9.19,9.41,9.58,10,11.48,12,12.5,13.12,x
   Assemblers (vehicles and metal goods),8142,24,11.51,,13.18,,9.09,9.9,10.03,10.32,10.92,13.14,14.75,15.81,16.42,x
   Routine inspectors and testers,8143,33,12.76,,13.62,,9.42,9.88,10.4,10.82,11.81,14.19,15.42,16.29,16.71,x
"   Weighers, graders and sorters",8144,x,11.33,,11.91,,x,x,x,x,10.63,12.17,x,x,x,x
"   Tyre, exhaust and windscreen fitters",8145,16,10.34,,10.87,,8.68,8.92,9,9.35,9.72,11.07,12.11,12.52,12.68,x
   Sewing machinists,8146,10,9.33,,9.67,,x,x,8.91,8.99,9.06,10,10.37,10.53,x,x
   Assemblers and routine operatives n.e.c.,8149,75,10.95,,11.64,,8.99,9.35,9.54,9.78,10.19,11.49,12.21,12.57,13.26,15.51
  Construction Operatives,815,106,13.07,,13.95,,9.43,10.35,10.75,11.13,12.06,14.2,15.49,16.32,17.32,19.34
"   Scaffolders, stagers and riggers",8151,13,16.91,,16.4,,x,12.52,13,13.64,15.89,17.5,18.87,19.25,x,x
   Road construction operatives,8152,18,12.71,,13.46,,9.66,10.4,10.64,10.98,12.06,13.51,14.31,15.06,15.8,x
   Rail construction and maintenance operatives,8153,12,16.13,,16.68,,11.83,13.43,14.18,14.52,15.44,17.32,18.22,18.58,19.11,x
   Construction operatives n.e.c.,8159,64,12.03,,13.1,,9.05,9.84,10.3,10.7,11.37,13.16,14.21,14.81,15.51,17.67
"  Production, Factory and Assembly Supervisors ",816,22,13.73,,15.56,,9.46,10.73,11.24,11.44,12.28,15.1,17.64,18.37,19.69,x
"   Production, factory and assembly supervisors",8160,22,13.73,,15.56,,9.46,10.73,11.24,11.44,12.28,15.1,17.64,18.37,19.69,x
 Transport and mobile machine drivers and operatives,82,600,12.12,,13.5,,9.25,10,10.42,10.77,11.43,13,14.09,14.73,15.6,18.81
  Road Transport Drivers,821,481,11.76,,12.49,,9.16,9.88,10.18,10.56,11.18,12.56,13.37,13.94,14.47,16.5
   Large goods vehicle drivers,8211,186,12.6,,13.03,,10,10.88,11.11,11.42,11.96,13.15,14.09,14.48,15.12,16.84
   Bus and coach drivers,8212,81,12,,12.48,,9.43,10.39,10.74,11,11.49,12.77,13.29,13.74,14.42,16.27
   Taxi and cab drivers and chauffeurs,8213,x,10.44,,11.73,,x,x,x,9.14,9.77,11.23,x,x,x,x
   Delivery drivers and couriers,8214,65,10.06,,10.88,,8.91,9.23,9.3,9.39,9.79,10.63,11.17,11.39,11.8,14.42
   Driving instructors,8215,x,13.54,,15.58,,x,x,x,x,x,x,x,x,x,x
   Road transport drivers n.e.c.,8219,143,11.32,,12.36,,8.91,9.3,9.6,9.96,10.58,12.16,13.25,13.79,14.27,16.84
  Mobile Machine Drivers and Operatives,822,66,12.52,,13.51,,9.55,10.41,10.67,11.1,11.82,13.44,14.34,15.06,15.79,17.31
   Crane drivers,8221,5,14.4,,16.17,,x,x,11.58,11.88,13.17,16.11,x,x,x,x
   Fork-lift truck drivers,8222,23,11.3,,11.76,,9.39,9.85,10.12,10.4,10.81,11.86,12.59,13.03,13.51,x
   Mobile machine drivers and operatives n.e.c.,8229,38,13.39,,14.08,,9.74,10.75,11.21,11.75,12.5,14.14,15.28,15.95,16.51,x
  Other Drivers and Transport Operatives,823,53,22.98,,23.73,,11.96,15.24,16.52,17.66,20.52,29.04,31.58,31.78,32.06,x
   Train and tram drivers,8231,28,31.76,,29.39,,16.55,22.98,27.06,29.14,30.81,31.79,32.93,33.36,35.11,x
   Marine and waterways transport operatives,8232,x,13.14,,14.81,,x,x,x,x,11.55,16.01,x,x,x,x
   Air transport operatives,8233,x,11.91,,12.89,,x,x,x,10.36,11.4,12.75,14.07,x,x,x
   Rail transport operatives,8234,15,19.9,,20.34,,13.03,15.61,16.22,17.14,18.51,21.02,22.05,22.73,23.87,x
   Other drivers and transport operatives n.e.c.,8239,x,17.52,,18.39,,x,x,x,13.88,15.57,18.96,x,x,x,x
Elementary occupations,9,1305,10.31,,11.25,,8.68,9,9.16,9.34,9.79,10.99,11.94,12.54,12.91,14.94
 Elementary trades and related occupations,91,277,10.29,,11.13,,8.91,9,9.22,9.38,9.85,10.84,11.55,12,12.55,14.4
  Elementary Agricultural Occupations,911,51,10.07,,10.71,,8.91,9.03,9.21,9.4,9.79,10.53,11.21,11.5,11.98,x
   Farm workers,9111,33,10.1,,10.63,,8.66,9.02,9.21,9.41,9.8,10.62,11.26,11.58,12.01,x
   Forestry and related workers,9112,x,10.99,,12.08,,x,x,x,x,x,11.44,x,x,x,x
   Fishing and other elementary agriculture occupations n.e.c.,9119,15,9.96,,10.65,,8.91,8.98,9.06,9.22,9.51,10.35,10.59,11.09,11.46,x
  Elementary Construction Occupations,912,68,10.99,,11.94,,8.51,9.17,9.5,9.9,10.43,11.54,12.5,12.96,13.53,x
   Groundworkers,9121,13,13.3,,15.32,,x,10.66,11,11.09,12.2,14.45,15.22,15.81,x,x
   Elementary construction occupations n.e.c.,9129,55,10.54,,11.09,,8.36,9,9.25,9.5,10,11.15,11.84,12.27,12.73,x
  Elementary Process Plant Occupations,913,159,10.11,,10.92,,8.91,9,9.13,9.29,9.67,10.65,11.4,11.75,12.4,14.24
   Industrial cleaning process occupations,9131,16,10.1,,10.84,,8.99,9.29,9.38,9.5,9.81,10.6,11.14,11.41,11.69,x
"   Packers, bottlers, canners and fillers",9132,81,9.83,,10.64,,8.91,8.99,9.07,9.24,9.47,10.4,11.01,11.39,11.74,13.3
   Elementary process plant occupations n.e.c.,9139,62,10.41,,11.31,,8.8,9,9.11,9.33,10,11.13,12.06,12.72,13.35,x
 Elementary administration and service occupations,92,1028,10.32,,11.28,,8.5,8.98,9.15,9.32,9.78,11.01,12.05,12.7,12.99,15.04
  Elementary Administration Occupations,921,131,12.91,,13.48,,9.84,12.48,12.72,12.75,12.75,13.47,14.18,14.77,15.13,16.55
"   Postal workers, mail sorters and messengers",9211,115,13.23,,13.92,,12.47,12.75,12.75,12.75,12.86,13.67,14.57,15,15.28,16.79
   Elementary administration occupations n.e.c.,9219,16,9.41,,10.21,,x,8.2,x,8.91,9.14,10.01,10.53,10.62,x,x
  Elementary Cleaning Occupations,922,162,9.67,,10.25,,8.89,8.92,9,9.12,9.4,10,10.47,10.79,11.13,12.44
   Window cleaners,9221,x,x,,11.65,,x,x,x,x,x,x,x,x,x,x
   Street cleaners,9222,5,10.64,,10.97,,x,x,10.04,10.04,10.2,10.74,11.2,x,x,x
   Cleaners and domestics,9223,112,9.5,,10.15,,8.83,8.91,9,9.03,9.26,9.88,10.37,10.76,11.03,12.38
"   Launderers, dry cleaners and pressers",9224,9,9.27,,9.49,,x,x,x,8.96,9.13,9.4,9.64,9.72,x,x
   Refuse and salvage occupations,9225,23,10.34,,11.02,,9.01,9.58,9.74,9.83,10.11,10.53,11.04,11.3,11.8,x
   Vehicle valeters and cleaners,9226,10,9.24,,9.78,,8.74,x,8.91,8.91,8.97,9.53,9.96,10.12,x,x
   Elementary cleaning occupations n.e.c.,9229,x,9.89,,10.14,,x,x,x,x,x,x,x,x,x,x
  Elementary Security Occupations,923,90,10.8,,11.54,,8.91,9.31,9.5,9.72,10.21,11.5,12.37,12.99,13.77,15.18
   Security guards and related occupations,9231,87,10.85,,11.53,,8.91,9.31,9.5,9.74,10.24,11.52,12.46,13,13.77,15.13
   School midday and crossing patrol occupations,9232,x,9.45,,10.02,,x,x,x,x,x,x,x,x,x,x
   Exam invigilators,9233,x,x,,12.66,,x,x,x,x,x,x,x,x,x,x
  Elementary Sales Occupations,924,12,9.96,,10.68,,x,9.22,9.3,9.32,9.77,10.19,10.61,10.67,x,x
   Shelf fillers,9241,11,9.95,,10.57,,x,9.21,9.3,9.3,9.74,10,10.61,10.66,x,x
   Elementary sales occupations n.e.c.,9249,x,10.46,,11.77,,x,x,x,x,x,x,x,x,x,x
  Elementary Storage Occupations,925,450,10.71,,11.73,,8.92,9.29,9.5,9.71,10.14,11.29,12.09,12.58,13.25,16.18
   Elementary storage supervisors,9251,28,12.19,,13.06,,9.43,10.19,10.49,10.79,11.52,12.98,13.79,14.51,15.01,x
   Warehouse operatives,9252,398,10.6,,11.61,,8.92,9.26,9.46,9.64,10.08,11.15,11.89,12.33,12.91,15.97
   Delivery operatives,9253,18,11,,11.47,,7.9,8.99,9.32,9.52,9.95,11.83,12.7,13.17,13.63,x
   Elementary storage occupations n.e.c.,9259,7,12.41,,13.58,,x,9.93,10.15,10.84,11.62,14.38,15.5,x,x,x
  Other Elementary Services Occupations,926,183,8.92,,9.26,,6.81,7.39,7.64,8.05,8.75,9.1,9.49,9.75,10.06,11.25
   Bar and catering supervisors,9261,17,8.96,,11.3,,7.3,7.77,7.88,8.14,8.57,9.3,9.97,10.41,10.83,x
   Hospital porters,9262,x,10.5,,11.18,,x,x,x,x,x,10.71,x,x,x,x
   Kitchen and catering assistants,9263,88,9.01,,9.22,,6.98,7.58,8.1,8.58,8.91,9.31,9.73,9.97,10.5,11.71
   Waiters and waitresses,9264,37,8.59,,8.55,,6.56,6.9,7.08,7.25,7.85,8.91,9.02,9.19,9.31,x
   Bar staff,9265,22,8.36,,8.8,,6.57,7.08,7.19,7.4,7.82,8.8,8.92,9,9.5,x
   Coffee shop workers,9266,7,8.98,,8.98,,x,8.64,8.78,8.91,8.91,9.05,x,x,x,x
   Leisure and theme park attendants,9267,x,8.8,,9.25,,x,x,x,7.92,8.71,8.91,x,x,x,x
   Other elementary services occupations n.e.c.,9269,4,9.58,,9.74,,x,x,8.27,8.72,8.96,9.94,x,x,x,x
Not Classified,,:,,,,,,,,,,,,,,
